Type,Name,Request Count,Failure Count,Median Response Time,Average Response Time,Min Response Time,Max Response Time,Average Content Size,Requests/s,Failures/s,50%,66%,75%,80%,90%,95%,98%,99%,99.9%,99.99%,100%
GET,/,326,0,80,81.0574071135524,1.8985909991897643,157.30350500234636,3890.2147239263804,36.18712097746238,0.0,81,95,110,110,140,140,150,150,160,160,160
POST,/,183,0,84,85.71286638244437,2.6815430028364062,160.02183099772083,3755.0491803278687,20.31362926035465,0.0,84,100,110,120,140,150,150,160,160,160,160
PUT,/1,140,0,80,79.32915601429288,2.103546001308132,153.97641700110398,4033.0142857142855,15.540481401364211,0.0,80,96,100,110,140,150,150,150,150,150,150
DELETE,/3,77,0,79,77.994502844518,1.710427000944037,150.81204200396314,4192.662337662337,8.547264770750315,0.0,79,98,110,110,130,140,150,150,150,150,150
GET,/?age=30,277,0,77,77.48487947290887,2.0856400005868636,155.61095999873942,3718.548736462094,30.747952486984904,0.0,77,91,100,110,130,140,150,150,160,160,160
,Aggregated,1003,0,80,80.44380801797612,1.710427000944037,160.02183099772083,3861.2951146560317,111.33644889691645,0.0,80,96,110,110,140,140,150,150,160,160,160
