Type,Name,Request Count,Failure Count,Median Response Time,Average Response Time,Min Response Time,Max Response Time,Average Content Size,Requests/s,Failures/s,50%,66%,75%,80%,90%,95%,98%,99%,99.9%,99.99%,100%
GET,/,315,0,84,84.69965154626628,1.8911100050900131,164.35187499882886,4018.9777777777776,35.13038695824903,0.0,84,100,110,120,130,130,150,160,160,160,160
POST,/,202,0,88,86.0010539605481,1.9694279981194995,155.7653339987155,4125.509900990099,22.528057668464456,0.0,88,110,110,120,130,130,140,150,160,160,160
PUT,/1,155,0,91,87.32141700677477,2.242615999421105,162.53790500195464,4103.735483870968,17.286380884217774,0.0,91,110,110,120,130,140,150,160,160,160,160
DELETE,/3,63,0,89,82.08006114289184,2.624132001074031,159.79990599589655,4383.428571428572,7.026077391649805,0.0,89,100,110,110,120,130,160,160,160,160,160
GET,/?age=30,247,0,88,86.39024246126665,2.455747002386488,152.96290200058138,3884.157894736842,27.546684376785745,0.0,88,100,110,120,130,130,140,150,150,150,150
,Aggregated,982,0,87,85.63834675467386,1.8911100050900131,164.35187499882886,4043.7403258655804,109.51758727936681,0.0,87,100,110,120,130,130,150,150,160,160,160
