Type,Name,Request Count,Failure Count,Median Response Time,Average Response Time,Min Response Time,Max Response Time,Average Content Size,Requests/s,Failures/s,50%,66%,75%,80%,90%,95%,98%,99%,99.9%,99.99%,100%
GET,/,368,0,82,78.14883461447687,1.815451993024908,142.8780979986186,3816.2554347826085,41.06496066726257,0.0,82,96,100,110,120,120,130,130,140,140,140
POST,/,188,0,78,77.57479038283488,2.1069209979032166,138.77356999728363,3852.505319148936,20.9788386017537,0.0,78,94,100,110,110,120,120,130,140,140,140
PUT,/1,128,0,83,78.08944397601181,2.232755003205966,135.363741996116,3652.3203125,14.283464579917414,0.0,83,93,100,110,120,120,130,140,140,140,140
DELETE,/3,62,0,84,80.75144453241299,2.278419997310266,128.72780700126896,3509.8225806451615,6.918553155897498,0.0,86,96,100,110,120,120,120,130,130,130,130
GET,/?age=30,255,0,77,74.20149286281587,2.1896550024393946,142.44399200106272,3609.733333333333,28.455339592804222,0.0,77,93,100,110,110,120,130,140,140,140,140
,Aggregated,1001,0,80,77.18906173831928,1.815451993024908,142.8780979986186,3730.5104895104896,111.7011565976354,0.0,80,94,100,110,120,120,130,130,140,140,140
