Type,Name,Request Count,Failure Count,Median Response Time,Average Response Time,Min Response Time,Max Response Time,Average Content Size,Requests/s,Failures/s,50%,66%,75%,80%,90%,95%,98%,99%,99.9%,99.99%,100%
GET,/,329,0,72,78.60511865356787,1.374621999275405,159.5336749960552,1094.2522796352584,36.6871409435742,0.0,72,96,110,120,140,160,160,160,160,160,160
POST,/,190,0,70,76.33294149479633,1.8514319963287562,159.87515899905702,1131.821052631579,21.187102672580846,0.0,70,79,99,110,140,150,160,160,160,160,160
PUT,/1,122,0,73,77.50054811465995,1.5784099960001186,158.6085480012116,1098.5245901639344,13.604350137130858,0.0,73,97,100,110,140,150,150,160,160,160,160
DELETE,/3,69,0,60,67.70330656497433,1.8817189993569627,159.83138600131497,1094.9130434782608,7.69426360214778,0.0,60,72,87,100,130,140,150,160,160,160,160
GET,/?age=30,294,0,69,72.5814797959075,1.824209000915289,160.27539399510715,968.530612244898,32.78425360915141,0.0,69,76,99,110,140,150,160,160,160,160,160
,Aggregated,1004,0,69,75.52778187649768,1.374621999275405,160.27539399510715,1065.1115537848605,111.9571109645851,0.0,69,82,100,110,140,150,160,160,160,160,160
