Type,Name,Request Count,Failure Count,Median Response Time,Average Response Time,Min Response Time,Max Response Time,Average Content Size,Requests/s,Failures/s,50%,66%,75%,80%,90%,95%,98%,99%,99.9%,99.99%,100%
GET,/,335,0,55,50.06255316432937,1.3073060035821982,74.7485389947542,1236.5880597014925,37.23756954688524,0.0,55,58,60,61,64,67,71,72,75,75,75
POST,/,210,0,54,48.237244314701194,1.3164429983589798,72.0491000029142,1218.7857142857142,23.34295404431612,0.0,54,58,60,60,63,66,71,72,72,72,72
PUT,/1,122,0,56,50.03698155710705,1.3566469933721237,72.27761999820359,1247.4918032786886,13.56114473050746,0.0,56,60,61,61,65,67,71,71,72,72,72
DELETE,/3,58,0,57,52.09912801728933,1.3685129961231723,70.87108500127215,1030.1206896551723,6.4471015931920705,0.0,57,60,61,62,66,68,71,71,71,71,71
GET,/?age=30,272,0,55,51.72999882006479,1.3138669964973815,74.13918599922908,1078.9595588235295,30.2346833335904,0.0,55,58,61,61,64,69,71,72,74,74,74
,Aggregated,997,0,55,50.24834249765803,1.3073060035821982,74.7485389947542,1179.1574724172517,110.82345324849129,0.0,55,58,60,61,64,67,71,72,75,75,75
